Metric,Value
Expected Annual Return,26.800839960375654
Annual Volatility,14.919890887337026
Sharpe Ratio,1.79631608319082
