Sector,Weight
Banking,0.3084098555372486
Consumer,0.10000000000000032
Technology,0.2584354798604542
Energy,0.33315466460229837
